{
    "set_0": {
        "GPP Time": {
            "mean": 0.47393139203389484,
            "std": 0.02475704577858491,
            "min": 0.4470479488372803,
            "max": 0.5067980289459229
        },
        "Completion Percentage": 100.0,
        "Planning Computation Time (per call)": {
            "mean": 0.00046580746060325985,
            "std": 0.00017538396829242368,
            "min": 5.1975250244140625e-05,
            "max": 0.0011410713195800781
        },
        "Planning Horizon": {
            "mean": 2.3109718748264596,
            "std": 1.4474858931395693,
            "min": 0.3278265471842454,
            "max": 9.139463078935592
        },
        "Planning Computation over Horizon": {
            "mean": 0.0002748628552700391,
            "std": 0.00021023228915133518,
            "min": 3.562596236867348e-05,
            "max": 0.002144720724448691
        },
        "Throughput": {
            "mean": 0.42288394554872594,
            "std": 0.002200084453725698,
            "min": 0.41996694198989015,
            "max": 0.42527993070591263
        },
        "Throughput_windowed_ratio": {
            "mean": 0.9933523266856601,
            "std": 0.023732191832098404,
            "min": 0.9615384615384616,
            "max": 1.0185185185185186
        }
    },
    "set_1": {
        "GPP Time": {
            "mean": 1.531065305074056,
            "std": 0.07353468613600478,
            "min": 1.458333969116211,
            "max": 1.6318020820617676
        },
        "Completion Percentage": 100.0,
        "Planning Computation Time (per call)": {
            "mean": 0.0008009793746530713,
            "std": 0.0011543558255576074,
            "min": 0.00020885467529296875,
            "max": 0.027481794357299805
        },
        "Planning Horizon": {
            "mean": 1.6085091591009453,
            "std": 1.4665521269462916,
            "min": 0.25366553223895494,
            "max": 20.90822831844694
        },
        "Planning Computation over Horizon": {
            "mean": 0.0006057227700324631,
            "std": 0.0005309689154211491,
            "min": 2.9488138512867608e-05,
            "max": 0.009697675704956055
        },
        "Throughput": {
            "mean": 0.9443314873707959,
            "std": 0.03075306335057164,
            "min": 0.918701423543954,
            "max": 0.9875759660314125
        },
        "Throughput_windowed_ratio": {
            "mean": 0.9920208226659839,
            "std": 0.006480412551615574,
            "min": 0.9841269841269841,
            "max": 1.0
        }
    },
    "set_2": {
        "GPP Time": {
            "mean": 3.284611701965332,
            "std": 0.1342866117293251,
            "min": 3.0956501960754395,
            "max": 3.3955090045928955
        },
        "Completion Percentage": 100.0,
        "Planning Computation Time (per call)": {
            "mean": 0.0010958072344462077,
            "std": 0.000850413169477241,
            "min": 0.0004680156707763672,
            "max": 0.030688047409057617
        },
        "Planning Horizon": {
            "mean": 1.1985683121822925,
            "std": 0.7044820644935055,
            "min": 0.7486268560920237,
            "max": 7.433016799219324
        },
        "Planning Computation over Horizon": {
            "mean": 0.00101778475985214,
            "std": 0.0008661928250375041,
            "min": 0.0001258346556061563,
            "max": 0.030688047409057617
        },
        "Throughput": {
            "mean": 1.7962744768888042,
            "std": 0.0375486530005493,
            "min": 1.7603063640519248,
            "max": 1.848090074174438
        },
        "Throughput_windowed_ratio": {
            "mean": 1.019806517586831,
            "std": 0.01135239797856637,
            "min": 1.008695652173913,
            "max": 1.0353982300884956
        }
    },
    "set_3": {
        "GPP Time": {
            "mean": 1.1834230422973633,
            "std": 0.038866880084353926,
            "min": 1.1292600631713867,
            "max": 1.2186119556427002
        },
        "Completion Percentage": 100.0,
        "Planning Computation Time (per call)": {
            "mean": 0.0005175789583076551,
            "std": 0.000250601576870368,
            "min": 6.4849853515625e-05,
            "max": 0.001645803451538086
        },
        "Planning Horizon": {
            "mean": 2.287921590134835,
            "std": 1.740490924649454,
            "min": 0.4604336701774976,
            "max": 11.76629036859672
        },
        "Planning Computation over Horizon": {
            "mean": 0.0003165928830136445,
            "std": 0.0002310957269743228,
            "min": 2.522958099483998e-05,
            "max": 0.0014434875735610689
        },
        "Throughput": {
            "mean": 0.40340509588172696,
            "std": 0.005050050566362204,
            "min": 0.39645082821777905,
            "max": 0.4082904686947866
        },
        "Throughput_windowed_ratio": {
            "mean": 1.0070921985815602,
            "std": 0.010029883421085743,
            "min": 1.0,
            "max": 1.0212765957446808
        }
    },
    "set_4": {
        "GPP Time": {
            "mean": 3.108487288157145,
            "std": 0.08085125491841229,
            "min": 3.0042760372161865,
            "max": 3.201340913772583
        },
        "Completion Percentage": 100.0,
        "Planning Computation Time (per call)": {
            "mean": 0.0007927358212505742,
            "std": 0.0003728471364106128,
            "min": 0.00019407272338867188,
            "max": 0.0029001235961914062
        },
        "Planning Horizon": {
            "mean": 1.3358284786623338,
            "std": 0.9654631375352278,
            "min": 0.9999999999999858,
            "max": 10.387597448722023
        },
        "Planning Computation over Horizon": {
            "mean": 0.0006871918753625926,
            "std": 0.0003720056414698129,
            "min": 8.454584891558304e-05,
            "max": 0.002695322036743164
        },
        "Throughput": {
            "mean": 0.9167334085696325,
            "std": 0.043498833935785804,
            "min": 0.8753987065910743,
            "max": 0.9768571233031473
        },
        "Throughput_windowed_ratio": {
            "mean": 0.998109110427951,
            "std": 0.025469016379129645,
            "min": 0.9621212121212122,
            "max": 1.017391304347826
        }
    },
    "set_5": {
        "GPP Time": {
            "mean": 7.986764272054036,
            "std": 0.7972898118658301,
            "min": 6.971430063247681,
            "max": 8.919082880020142
        },
        "Completion Percentage": 100.0,
        "Planning Computation Time (per call)": {
            "mean": 0.0014076440293713497,
            "std": 0.0011345254331787391,
            "min": 0.0004909038543701172,
            "max": 0.040097951889038086
        },
        "Planning Horizon": {
            "mean": 1.052267352443816,
            "std": 0.3252941227159986,
            "min": 0.8904655447845187,
            "max": 9.983843618063776
        },
        "Planning Computation over Horizon": {
            "mean": 0.0013666302037989627,
            "std": 0.0011345988701755494,
            "min": 0.00017346751660455415,
            "max": 0.040097951889038086
        },
        "Throughput": {
            "mean": 1.6038040306639285,
            "std": 0.03276013432445499,
            "min": 1.5714727482558914,
            "max": 1.6487073776710086
        },
        "Throughput_windowed_ratio": {
            "mean": 0.9987839766541559,
            "std": 0.010450157302645835,
            "min": 0.9841897233201581,
            "max": 1.008097165991903
        }
    },
    "set_6": {
        "GPP Time": {
            "mean": 1.9235440095265706,
            "std": 0.059454402823161646,
            "min": 1.8758690357208252,
            "max": 2.0073611736297607
        },